service,M1,M2,M3,change_first_to_last
AmazonEC2,6385.67,7758.95,7785.95,1400.28
AmazonRDS,6184.20,6184.20,6184.20,0.00
AmazonCloudFront,2380.00,2465.00,2550.00,170.00
AmazonCloudWatch,1345.00,1486.00,1627.00,282.00
AmazonRedshift,1585.56,1585.56,1585.56,0.00
AmazonS3,1448.00,1497.00,1545.00,97.00
AWSDataTransfer,720.00,810.00,900.00,180.00
AmazonDynamoDB,860.00,880.00,900.00,40.00
AmazonECS,432.48,432.48,432.48,0.00
ComputeSavingsPlans,408.80,408.80,408.80,0.00
AmazonElastiCache,315.36,315.36,315.36,0.00
AWSLambda,120.00,130.00,140.00,20.00
AWSELB,109.07,112.27,113.87,4.80
AmazonVPC,14.60,14.60,14.60,0.00
