bill_billing_period,line_item_usage_account_id,line_item_line_item_type,product_servicecode,line_item_resource_id,line_item_usage_type,line_item_operation,product_instance_type,product_region_code,pricing_term,line_item_usage_amount,pricing_public_on_demand_cost,line_item_unblended_cost,resource_tags_user_name,resource_tags_user_application,resource_tags_user_environment,resource_tags_user_cost_center
M1,111122223333,Usage,AWSDataTransfer,,DataTransfer-Out-Bytes,,,us-east-1,OnDemand,8000,720.0000,720.0000,,,,
M1,111122223333,Usage,AWSELB,arn:aws:elasticloadbalancing:us-east-1:111122223333:loadbalancer/app/legacy-promo-alb/0a0b0c0d0e0f0001,LCUUsage,LoadBalancing:Application,,us-east-1,OnDemand,0,0.0000,0.0000,,,,
M1,111122223333,Usage,AWSELB,arn:aws:elasticloadbalancing:us-east-1:111122223333:loadbalancer/app/legacy-promo-alb/0a0b0c0d0e0f0001,LoadBalancerUsage,LoadBalancing:Application,,us-east-1,OnDemand,730,16.4250,16.4250,,,,
M1,111122223333,Usage,AWSELB,arn:aws:elasticloadbalancing:us-east-1:111122223333:loadbalancer/app/order-api-alb/0a0b0c0d0e0f0001,LCUUsage,LoadBalancing:Application,,us-east-1,OnDemand,1100,8.8000,8.8000,order-api-alb,order-api,prod,digital
M1,111122223333,Usage,AWSELB,arn:aws:elasticloadbalancing:us-east-1:111122223333:loadbalancer/app/order-api-alb/0a0b0c0d0e0f0001,LoadBalancerUsage,LoadBalancing:Application,,us-east-1,OnDemand,730,16.4250,16.4250,order-api-alb,order-api,prod,digital
M1,111122223333,Usage,AWSELB,arn:aws:elasticloadbalancing:us-east-1:111122223333:loadbalancer/app/storefront-alb/0a0b0c0d0e0f0001,LCUUsage,LoadBalancing:Application,,us-east-1,OnDemand,2000,16.0000,16.0000,storefront-alb,storefront,prod,digital
M1,111122223333,Usage,AWSELB,arn:aws:elasticloadbalancing:us-east-1:111122223333:loadbalancer/app/storefront-alb/0a0b0c0d0e0f0001,LoadBalancerUsage,LoadBalancing:Application,,us-east-1,OnDemand,730,16.4250,16.4250,storefront-alb,storefront,prod,digital
M1,111122223333,Usage,AWSLambda,arn:aws:lambda:us-east-1:111122223333:function:image-resizer,Lambda-GB-Second,Invoke,,us-east-1,OnDemand,1,120.0000,120.0000,image-resizer,image-resizer,prod,digital
M1,111122223333,Usage,AmazonCloudFront,arn:aws:cloudfront::111122223333:distribution/E0HARBOR0001,US-DataTransfer-Out-Bytes,GET,,us-east-1,OnDemand,28000,2380.0000,2380.0000,storefront-cdn,storefront,prod,
M1,111122223333,Usage,AmazonCloudWatch,arn:aws:logs:us-east-1:111122223333:log-group:/aws/lambda/image-resizer,DataProcessing-Bytes,PutLogEvents,,us-east-1,OnDemand,40,20.0000,20.0000,,image-resizer,prod,digital
M1,111122223333,Usage,AmazonCloudWatch,arn:aws:logs:us-east-1:111122223333:log-group:/aws/lambda/image-resizer,TimedStorage-ByteHrs,HourlyStorageMetering,,us-east-1,OnDemand,200,6.0000,6.0000,,image-resizer,prod,digital
M1,111122223333,Usage,AmazonCloudWatch,arn:aws:logs:us-east-1:111122223333:log-group:/harbor-goods/order-api,DataProcessing-Bytes,PutLogEvents,,us-east-1,OnDemand,900,450.0000,450.0000,,order-api,prod,digital
M1,111122223333,Usage,AmazonCloudWatch,arn:aws:logs:us-east-1:111122223333:log-group:/harbor-goods/order-api,TimedStorage-ByteHrs,HourlyStorageMetering,,us-east-1,OnDemand,6300,189.0000,189.0000,,order-api,prod,digital
M1,111122223333,Usage,AmazonCloudWatch,arn:aws:logs:us-east-1:111122223333:log-group:/harbor-goods/storefront,DataProcessing-Bytes,PutLogEvents,,us-east-1,OnDemand,300,150.0000,150.0000,,storefront,prod,digital
M1,111122223333,Usage,AmazonCloudWatch,arn:aws:logs:us-east-1:111122223333:log-group:/harbor-goods/storefront,TimedStorage-ByteHrs,HourlyStorageMetering,,us-east-1,OnDemand,3000,90.0000,90.0000,,storefront,prod,digital
M1,111122223333,Usage,AmazonCloudWatch,arn:aws:logs:us-east-1:111122223333:log-group:/harbor-goods/vpc-flow,DataProcessing-Bytes,PutLogEvents,,us-east-1,OnDemand,400,200.0000,200.0000,,network,prod,platform
M1,111122223333,Usage,AmazonCloudWatch,arn:aws:logs:us-east-1:111122223333:log-group:/harbor-goods/vpc-flow,TimedStorage-ByteHrs,HourlyStorageMetering,,us-east-1,OnDemand,4000,120.0000,120.0000,,network,prod,platform
M1,111122223333,Usage,AmazonDynamoDB,arn:aws:dynamodb:us-east-1:111122223333:table/cart,PayPerRequestThroughput,PayPerRequest,,us-east-1,OnDemand,1,860.0000,860.0000,cart,storefront,prod,digital
M1,111122223333,Usage,AmazonEC2,arn:aws:ec2:us-east-1:111122223333:natgateway/nat-0a1000000000000001,NatGateway-Bytes,NatGateway,,us-east-1,OnDemand,2600,117.0000,117.0000,prod-nat-a,network,prod,platform
M1,111122223333,Usage,AmazonEC2,arn:aws:ec2:us-east-1:111122223333:natgateway/nat-0a1000000000000001,NatGateway-Hours,NatGateway,,us-east-1,OnDemand,730,32.8500,32.8500,prod-nat-a,network,prod,platform
M1,111122223333,Usage,AmazonEC2,arn:aws:ec2:us-east-1:111122223333:natgateway/nat-0a1000000000000002,NatGateway-Bytes,NatGateway,,us-east-1,OnDemand,2600,117.0000,117.0000,prod-nat-b,network,prod,platform
M1,111122223333,Usage,AmazonEC2,arn:aws:ec2:us-east-1:111122223333:natgateway/nat-0a1000000000000002,NatGateway-Hours,NatGateway,,us-east-1,OnDemand,730,32.8500,32.8500,prod-nat-b,network,prod,platform
M1,111122223333,Usage,AmazonEC2,arn:aws:ec2:us-east-1:111122223333:natgateway/nat-0a1000000000000003,NatGateway-Bytes,NatGateway,,us-east-1,OnDemand,2600,117.0000,117.0000,prod-nat-c,network,prod,platform
M1,111122223333,Usage,AmazonEC2,arn:aws:ec2:us-east-1:111122223333:natgateway/nat-0a1000000000000003,NatGateway-Hours,NatGateway,,us-east-1,OnDemand,730,32.8500,32.8500,prod-nat-c,network,prod,platform
M1,111122223333,Usage,AmazonEC2,arn:aws:ec2:us-east-1:111122223333:snapshot/snap-0a1000000000000001,EBS:SnapshotUsage,CreateSnapshot,,us-east-1,OnDemand,120,6.0000,6.0000,,,,
M1,111122223333,Usage,AmazonEC2,arn:aws:ec2:us-east-1:111122223333:snapshot/snap-0a1000000000000002,EBS:SnapshotUsage,CreateSnapshot,,us-east-1,OnDemand,80,4.0000,4.0000,,,,
M1,111122223333,Usage,AmazonEC2,arn:aws:ec2:us-east-1:111122223333:snapshot/snap-0a1000000000000003,EBS:SnapshotUsage,CreateSnapshot,,us-east-1,OnDemand,60,3.0000,3.0000,,,,
M1,111122223333,Usage,AmazonEC2,arn:aws:ec2:us-east-1:111122223333:snapshot/snap-0a1000000000000004,EBS:SnapshotUsage,CreateSnapshot,,us-east-1,OnDemand,900,45.0000,45.0000,,,,
M1,111122223333,Usage,AmazonEC2,arn:aws:ec2:us-east-1:111122223333:snapshot/snap-0a1000000000000005,EBS:SnapshotUsage,CreateSnapshot,,us-east-1,OnDemand,700,35.0000,35.0000,,,,
M1,111122223333,Usage,AmazonEC2,arn:aws:ec2:us-east-1:111122223333:snapshot/snap-0a1000000000000006,EBS:SnapshotUsage,CreateSnapshot,,us-east-1,OnDemand,650,32.5000,32.5000,,,,
M1,111122223333,SavingsPlanCoveredUsage,AmazonEC2,i-0a100000000000001,BoxUsage:m5.xlarge,RunInstances,m5.xlarge,us-east-1,SavingsPlan,730,140.1600,140.1600,web-01,storefront,prod,digital
M1,111122223333,SavingsPlanNegation,AmazonEC2,i-0a100000000000001,BoxUsage:m5.xlarge,RunInstances,m5.xlarge,us-east-1,SavingsPlan,0,0.0000,-140.1600,web-01,storefront,prod,digital
M1,111122223333,SavingsPlanCoveredUsage,AmazonEC2,i-0a100000000000002,BoxUsage:m5.xlarge,RunInstances,m5.xlarge,us-east-1,SavingsPlan,730,140.1600,140.1600,web-02,storefront,prod,digital
M1,111122223333,SavingsPlanNegation,AmazonEC2,i-0a100000000000002,BoxUsage:m5.xlarge,RunInstances,m5.xlarge,us-east-1,SavingsPlan,0,0.0000,-140.1600,web-02,storefront,prod,digital
M1,111122223333,SavingsPlanCoveredUsage,AmazonEC2,i-0a100000000000003,BoxUsage:m5.xlarge,RunInstances,m5.xlarge,us-east-1,SavingsPlan,730,140.1600,140.1600,web-03,storefront,prod,digital
M1,111122223333,SavingsPlanNegation,AmazonEC2,i-0a100000000000003,BoxUsage:m5.xlarge,RunInstances,m5.xlarge,us-east-1,SavingsPlan,0,0.0000,-140.1600,web-03,storefront,prod,digital
M1,111122223333,SavingsPlanCoveredUsage,AmazonEC2,i-0a100000000000004,BoxUsage:m5.xlarge,RunInstances,m5.xlarge,us-east-1,SavingsPlan,730,140.1600,140.1600,web-04,storefront,prod,digital
M1,111122223333,SavingsPlanNegation,AmazonEC2,i-0a100000000000004,BoxUsage:m5.xlarge,RunInstances,m5.xlarge,us-east-1,SavingsPlan,0,0.0000,-140.1600,web-04,storefront,prod,digital
M1,111122223333,Usage,AmazonEC2,i-0a200000000000001,BoxUsage:m5.2xlarge,RunInstances,m5.2xlarge,us-east-1,OnDemand,730,280.3200,280.3200,app-01,order-api,prod,digital
M1,111122223333,Usage,AmazonEC2,i-0a200000000000002,BoxUsage:m5.2xlarge,RunInstances,m5.2xlarge,us-east-1,OnDemand,730,280.3200,280.3200,app-02,order-api,prod,digital
M1,111122223333,Usage,AmazonEC2,i-0a200000000000003,BoxUsage:m5.2xlarge,RunInstances,m5.2xlarge,us-east-1,OnDemand,730,280.3200,280.3200,app-03,order-api,prod,digital
M1,111122223333,Usage,AmazonEC2,i-0a200000000000004,BoxUsage:m5.2xlarge,RunInstances,m5.2xlarge,us-east-1,OnDemand,730,280.3200,280.3200,app-04,order-api,prod,digital
M1,111122223333,Usage,AmazonEC2,i-0a300000000000001,BoxUsage:c5.4xlarge,RunInstances,c5.4xlarge,us-east-1,OnDemand,730,496.4000,496.4000,batch-01,inventory-sync,prod,supply-chain
M1,111122223333,Usage,AmazonEC2,i-0a300000000000002,BoxUsage:c5.4xlarge,RunInstances,c5.4xlarge,us-east-1,OnDemand,730,496.4000,496.4000,batch-02,inventory-sync,prod,supply-chain
M1,111122223333,Usage,AmazonEC2,i-0a300000000000003,BoxUsage:c5.4xlarge,RunInstances,c5.4xlarge,us-east-1,OnDemand,730,496.4000,496.4000,batch-03,inventory-sync,prod,supply-chain
M1,111122223333,Usage,AmazonEC2,i-0a300000000000004,BoxUsage:c5.4xlarge,RunInstances,c5.4xlarge,us-east-1,OnDemand,730,496.4000,496.4000,batch-04,inventory-sync,prod,supply-chain
M1,111122223333,Usage,AmazonEC2,i-0a400000000000001,BoxUsage:t3.medium,RunInstances,t3.medium,us-east-1,OnDemand,730,30.3680,30.3680,bastion-01,platform,prod,platform
M1,111122223333,Usage,AmazonEC2,vol-0a100000000000001,EBS:VolumeUsage.gp2,CreateVolume-Gp2,,us-east-1,OnDemand,100,10.0000,10.0000,web-01,storefront,prod,digital
M1,111122223333,Usage,AmazonEC2,vol-0a100000000000002,EBS:VolumeUsage.gp2,CreateVolume-Gp2,,us-east-1,OnDemand,100,10.0000,10.0000,web-02,storefront,prod,digital
M1,111122223333,Usage,AmazonEC2,vol-0a100000000000003,EBS:VolumeUsage.gp2,CreateVolume-Gp2,,us-east-1,OnDemand,100,10.0000,10.0000,web-03,storefront,prod,digital
M1,111122223333,Usage,AmazonEC2,vol-0a100000000000004,EBS:VolumeUsage.gp2,CreateVolume-Gp2,,us-east-1,OnDemand,100,10.0000,10.0000,web-04,storefront,prod,digital
M1,111122223333,Usage,AmazonEC2,vol-0a200000000000001,EBS:VolumeUsage.gp2,CreateVolume-Gp2,,us-east-1,OnDemand,500,50.0000,50.0000,app-01,order-api,prod,digital
M1,111122223333,Usage,AmazonEC2,vol-0a200000000000002,EBS:VolumeUsage.gp2,CreateVolume-Gp2,,us-east-1,OnDemand,500,50.0000,50.0000,app-02,order-api,prod,digital
M1,111122223333,Usage,AmazonEC2,vol-0a200000000000003,EBS:VolumeUsage.gp2,CreateVolume-Gp2,,us-east-1,OnDemand,500,50.0000,50.0000,app-03,order-api,prod,digital
M1,111122223333,Usage,AmazonEC2,vol-0a200000000000004,EBS:VolumeUsage.gp2,CreateVolume-Gp2,,us-east-1,OnDemand,500,50.0000,50.0000,app-04,order-api,prod,digital
M1,111122223333,Usage,AmazonEC2,vol-0a300000000000001,EBS:VolumeUsage.gp3,CreateVolume-Gp3,,us-east-1,OnDemand,1000,80.0000,80.0000,batch-01,inventory-sync,prod,supply-chain
M1,111122223333,Usage,AmazonEC2,vol-0a300000000000002,EBS:VolumeUsage.gp3,CreateVolume-Gp3,,us-east-1,OnDemand,1000,80.0000,80.0000,batch-02,inventory-sync,prod,supply-chain
M1,111122223333,Usage,AmazonEC2,vol-0a300000000000003,EBS:VolumeUsage.gp3,CreateVolume-Gp3,,us-east-1,OnDemand,1000,80.0000,80.0000,batch-03,inventory-sync,prod,supply-chain
M1,111122223333,Usage,AmazonEC2,vol-0a300000000000004,EBS:VolumeUsage.gp3,CreateVolume-Gp3,,us-east-1,OnDemand,1000,80.0000,80.0000,batch-04,inventory-sync,prod,supply-chain
M1,111122223333,Usage,AmazonEC2,vol-0a400000000000001,EBS:VolumeUsage.gp3,CreateVolume-Gp3,,us-east-1,OnDemand,30,2.4000,2.4000,bastion-01,platform,prod,platform
M1,111122223333,Usage,AmazonEC2,vol-0a9000000000000e1,EBS:VolumeUsage.gp2,CreateVolume-Gp2,,us-east-1,OnDemand,1000,100.0000,100.0000,,,,
M1,111122223333,Usage,AmazonEC2,vol-0a9000000000000e2,EBS:VolumeUsage.gp2,CreateVolume-Gp2,,us-east-1,OnDemand,500,50.0000,50.0000,,,,
M1,111122223333,Usage,AmazonElastiCache,arn:aws:elasticache:us-east-1:111122223333:cluster:sessions-001,NodeUsage:cache.r5.large,CreateCacheCluster:0002,cache.r5.large,us-east-1,OnDemand,730,157.6800,157.6800,sessions-001,storefront,,digital
M1,111122223333,Usage,AmazonElastiCache,arn:aws:elasticache:us-east-1:111122223333:cluster:sessions-002,NodeUsage:cache.r5.large,CreateCacheCluster:0002,cache.r5.large,us-east-1,OnDemand,730,157.6800,157.6800,sessions-002,storefront,,digital
M1,111122223333,Usage,AmazonRDS,arn:aws:rds:us-east-1:111122223333:cluster:orders-db,Aurora:StorageIOUsage,CreateDBInstance:0021,,us-east-1,OnDemand,2000000000,400.0000,400.0000,orders-db,order-api,prod,digital
M1,111122223333,Usage,AmazonRDS,arn:aws:rds:us-east-1:111122223333:cluster:orders-db,Aurora:StorageUsage,CreateDBInstance:0021,,us-east-1,OnDemand,1000,100.0000,100.0000,orders-db,order-api,prod,digital
M1,111122223333,Usage,AmazonRDS,arn:aws:rds:us-east-1:111122223333:cluster:orders-db,InstanceUsage:db.r5.4xl,CreateDBInstance:0021,db.r5.4xlarge,us-east-1,OnDemand,1460,3387.2000,3387.2000,orders-db,order-api,prod,digital
M1,111122223333,Usage,AmazonRDS,arn:aws:rds:us-east-1:111122223333:cluster:reporting-db,Aurora:StorageIOUsage,CreateDBInstance:0021,,us-east-1,OnDemand,300000000,60.0000,60.0000,reporting-db,reporting,prod,finance
M1,111122223333,Usage,AmazonRDS,arn:aws:rds:us-east-1:111122223333:cluster:reporting-db,Aurora:StorageUsage,CreateDBInstance:0021,,us-east-1,OnDemand,500,50.0000,50.0000,reporting-db,reporting,prod,finance
M1,111122223333,Usage,AmazonRDS,arn:aws:rds:us-east-1:111122223333:cluster:reporting-db,InstanceUsage:db.r5.xl,CreateDBInstance:0021,db.r5.xlarge,us-east-1,OnDemand,730,423.4000,423.4000,reporting-db,reporting,prod,finance
M1,111122223333,Usage,AmazonRedshift,arn:aws:redshift:us-east-1:111122223333:cluster:warehouse/node-1,Node:ra3.xlplus,RunComputeNode:0001,ra3.xlplus,us-east-1,OnDemand,730,792.7800,792.7800,warehouse,analytics,prod,finance
M1,111122223333,Usage,AmazonRedshift,arn:aws:redshift:us-east-1:111122223333:cluster:warehouse/node-2,Node:ra3.xlplus,RunComputeNode:0001,ra3.xlplus,us-east-1,OnDemand,730,792.7800,792.7800,warehouse,analytics,prod,finance
M1,111122223333,Usage,AmazonS3,harbor-goods-data-lake,TimedStorage-ByteHrs,StandardStorage,,us-east-1,OnDemand,40000,920.0000,920.0000,,analytics,prod,finance
M1,111122223333,Usage,AmazonS3,harbor-goods-product-images,Requests-Tier1,PutObject,,us-east-1,OnDemand,1,45.0000,45.0000,,storefront,prod,digital
M1,111122223333,Usage,AmazonS3,harbor-goods-product-images,TimedStorage-ByteHrs,StandardStorage,,us-east-1,OnDemand,3000,69.0000,69.0000,,storefront,prod,digital
M1,111122223333,Usage,AmazonVPC,eipalloc-0a1000000000000001,PublicIPv4:IdleAddress,AllocateAddressVPC,,us-east-1,OnDemand,730,3.6500,3.6500,,,,
M1,111122223333,Usage,AmazonVPC,eipalloc-0a1000000000000002,PublicIPv4:IdleAddress,AllocateAddressVPC,,us-east-1,OnDemand,730,3.6500,3.6500,,,,
M1,111122223333,SavingsPlanRecurringFee,ComputeSavingsPlans,arn:aws:savingsplans::111122223333:savingsplan/0a0b0c0d-0000-4000-8000-000000000001,ComputeSP:1yrNoUpfront,,,us-east-1,OnDemand,730,0.0000,408.8000,,,,
M1,123456789012,Usage,AmazonEC2,arn:aws:ec2:us-east-1:123456789012:snapshot/snap-0c1000000000000001,EBS:SnapshotUsage,CreateSnapshot,,us-east-1,OnDemand,500,25.0000,25.0000,,,,
M1,123456789012,Usage,AmazonEC2,arn:aws:ec2:us-east-1:123456789012:snapshot/snap-0c1000000000000002,EBS:SnapshotUsage,CreateSnapshot,,us-east-1,OnDemand,90,4.5000,4.5000,,,,
M1,123456789012,Usage,AmazonEC2,i-0c100000000000001,BoxUsage:c5.xlarge,RunInstances,c5.xlarge,us-east-1,OnDemand,730,124.1000,124.1000,ci-runner-01,ci,shared,platform
M1,123456789012,Usage,AmazonEC2,i-0c100000000000002,BoxUsage:c5.xlarge,RunInstances,c5.xlarge,us-east-1,OnDemand,730,124.1000,124.1000,ci-runner-02,ci,shared,platform
M1,123456789012,Usage,AmazonEC2,i-0c200000000000001,BoxUsage:t3.large,RunInstances,t3.large,us-east-1,OnDemand,730,60.7360,60.7360,dev-01,sandbox,dev,digital
M1,123456789012,Usage,AmazonEC2,i-0c200000000000002,BoxUsage:t3.large,RunInstances,t3.large,us-east-1,OnDemand,730,60.7360,60.7360,dev-02,sandbox,dev,digital
M1,123456789012,Usage,AmazonEC2,i-0c200000000000003,BoxUsage:t3.large,RunInstances,t3.large,us-east-1,OnDemand,730,60.7360,60.7360,dev-03,sandbox,dev,digital
M1,123456789012,Usage,AmazonEC2,i-0c200000000000004,BoxUsage:t3.large,RunInstances,t3.large,us-east-1,OnDemand,730,60.7360,60.7360,dev-04,,,
M1,123456789012,Usage,AmazonEC2,i-0c200000000000005,BoxUsage:t3.large,RunInstances,t3.large,us-east-1,OnDemand,730,60.7360,60.7360,dev-05,,,
M1,123456789012,Usage,AmazonEC2,vol-0c100000000000001,EBS:VolumeUsage.gp3,CreateVolume-Gp3,,us-east-1,OnDemand,200,16.0000,16.0000,ci-runner-01,ci,shared,platform
M1,123456789012,Usage,AmazonEC2,vol-0c100000000000002,EBS:VolumeUsage.gp3,CreateVolume-Gp3,,us-east-1,OnDemand,200,16.0000,16.0000,ci-runner-02,ci,shared,platform
M1,123456789012,Usage,AmazonEC2,vol-0c200000000000001,EBS:VolumeUsage.gp2,CreateVolume-Gp2,,us-east-1,OnDemand,100,10.0000,10.0000,dev-01,sandbox,dev,digital
M1,123456789012,Usage,AmazonEC2,vol-0c200000000000002,EBS:VolumeUsage.gp2,CreateVolume-Gp2,,us-east-1,OnDemand,100,10.0000,10.0000,dev-02,sandbox,dev,digital
M1,123456789012,Usage,AmazonEC2,vol-0c200000000000003,EBS:VolumeUsage.gp2,CreateVolume-Gp2,,us-east-1,OnDemand,100,10.0000,10.0000,dev-03,sandbox,dev,digital
M1,123456789012,Usage,AmazonEC2,vol-0c200000000000004,EBS:VolumeUsage.gp2,CreateVolume-Gp2,,us-east-1,OnDemand,100,10.0000,10.0000,dev-04,,,
M1,123456789012,Usage,AmazonEC2,vol-0c200000000000005,EBS:VolumeUsage.gp2,CreateVolume-Gp2,,us-east-1,OnDemand,100,10.0000,10.0000,dev-05,,,
M1,123456789012,Usage,AmazonEC2,vol-0c9000000000000e1,EBS:VolumeUsage.gp3,CreateVolume-Gp3,,us-east-1,OnDemand,2000,160.0000,160.0000,,,,
M1,123456789012,Usage,AmazonS3,harbor-goods-app-logs,TimedStorage-ByteHrs,StandardStorage,,us-east-1,OnDemand,18000,414.0000,414.0000,,logging,shared,platform
M1,123456789012,Usage,AmazonVPC,eipalloc-0c1000000000000001,PublicIPv4:IdleAddress,AllocateAddressVPC,,us-east-1,OnDemand,730,3.6500,3.6500,,,,
M1,444455556666,Usage,AWSELB,arn:aws:elasticloadbalancing:us-east-1:444455556666:loadbalancer/app/order-api-stg-alb/0a0b0c0d0e0f0001,LCUUsage,LoadBalancing:Application,,us-east-1,OnDemand,40,0.3200,0.3200,order-api-stg-alb,order-api,staging,digital
M1,444455556666,Usage,AWSELB,arn:aws:elasticloadbalancing:us-east-1:444455556666:loadbalancer/app/order-api-stg-alb/0a0b0c0d0e0f0001,LoadBalancerUsage,LoadBalancing:Application,,us-east-1,OnDemand,730,16.4250,16.4250,order-api-stg-alb,order-api,staging,digital
M1,444455556666,Usage,AWSELB,arn:aws:elasticloadbalancing:us-east-1:444455556666:loadbalancer/stg-legacy-clb,LoadBalancerUsage,LoadBalancing,,us-east-1,OnDemand,730,18.2500,18.2500,,,,
M1,444455556666,Usage,AmazonCloudWatch,arn:aws:logs:us-east-1:444455556666:log-group:/harbor-goods/order-api-stg,DataProcessing-Bytes,PutLogEvents,,us-east-1,OnDemand,150,75.0000,75.0000,,,,
M1,444455556666,Usage,AmazonCloudWatch,arn:aws:logs:us-east-1:444455556666:log-group:/harbor-goods/order-api-stg,TimedStorage-ByteHrs,HourlyStorageMetering,,us-east-1,OnDemand,1500,45.0000,45.0000,,,,
M1,444455556666,Usage,AmazonEC2,arn:aws:ec2:us-east-1:444455556666:natgateway/nat-0b1000000000000001,NatGateway-Bytes,NatGateway,,us-east-1,OnDemand,20,0.9000,0.9000,stg-nat-a,network,staging,platform
M1,444455556666,Usage,AmazonEC2,arn:aws:ec2:us-east-1:444455556666:natgateway/nat-0b1000000000000001,NatGateway-Hours,NatGateway,,us-east-1,OnDemand,730,32.8500,32.8500,stg-nat-a,network,staging,platform
M1,444455556666,Usage,AmazonEC2,arn:aws:ec2:us-east-1:444455556666:natgateway/nat-0b1000000000000002,NatGateway-Bytes,NatGateway,,us-east-1,OnDemand,20,0.9000,0.9000,stg-nat-b,network,staging,platform
M1,444455556666,Usage,AmazonEC2,arn:aws:ec2:us-east-1:444455556666:natgateway/nat-0b1000000000000002,NatGateway-Hours,NatGateway,,us-east-1,OnDemand,730,32.8500,32.8500,stg-nat-b,network,staging,platform
M1,444455556666,Usage,AmazonEC2,arn:aws:ec2:us-east-1:444455556666:natgateway/nat-0b1000000000000003,NatGateway-Bytes,NatGateway,,us-east-1,OnDemand,20,0.9000,0.9000,stg-nat-c,network,staging,platform
M1,444455556666,Usage,AmazonEC2,arn:aws:ec2:us-east-1:444455556666:natgateway/nat-0b1000000000000003,NatGateway-Hours,NatGateway,,us-east-1,OnDemand,730,32.8500,32.8500,stg-nat-c,network,staging,platform
M1,444455556666,Usage,AmazonEC2,arn:aws:ec2:us-east-1:444455556666:snapshot/snap-0b1000000000000001,EBS:SnapshotUsage,CreateSnapshot,,us-east-1,OnDemand,400,20.0000,20.0000,,,,
M1,444455556666,Usage,AmazonEC2,arn:aws:ec2:us-east-1:444455556666:snapshot/snap-0b1000000000000002,EBS:SnapshotUsage,CreateSnapshot,,us-east-1,OnDemand,150,7.5000,7.5000,,,,
M1,444455556666,Usage,AmazonEC2,i-0b100000000000001,BoxUsage:m5.2xlarge,RunInstances,m5.2xlarge,us-east-1,OnDemand,730,280.3200,280.3200,stg-app-01,order-api,staging,digital
M1,444455556666,Usage,AmazonEC2,i-0b100000000000002,BoxUsage:m5.2xlarge,RunInstances,m5.2xlarge,us-east-1,OnDemand,730,280.3200,280.3200,stg-app-02,order-api,staging,digital
M1,444455556666,Usage,AmazonEC2,i-0b200000000000001,BoxUsage:c5.2xlarge,RunInstances,c5.2xlarge,us-east-1,OnDemand,730,248.2000,248.2000,,,,
M1,444455556666,Usage,AmazonEC2,vol-0b100000000000001,EBS:VolumeUsage.gp2,CreateVolume-Gp2,,us-east-1,OnDemand,500,50.0000,50.0000,stg-app-01,order-api,staging,digital
M1,444455556666,Usage,AmazonEC2,vol-0b100000000000002,EBS:VolumeUsage.gp2,CreateVolume-Gp2,,us-east-1,OnDemand,500,50.0000,50.0000,stg-app-02,order-api,staging,digital
M1,444455556666,Usage,AmazonEC2,vol-0b200000000000001,EBS:VolumeUsage.gp2,CreateVolume-Gp2,,us-east-1,OnDemand,500,50.0000,50.0000,,,,
M1,444455556666,Usage,AmazonEC2,vol-0b9000000000000e1,EBS:VolumeUsage.gp2,CreateVolume-Gp2,,us-east-1,OnDemand,500,50.0000,50.0000,,,,
M1,444455556666,Usage,AmazonRDS,arn:aws:rds:us-east-1:444455556666:cluster:orders-db-stg,Aurora:StorageIOUsage,CreateDBInstance:0021,,us-east-1,OnDemand,100000000,20.0000,20.0000,orders-db-stg,order-api,staging,digital
M1,444455556666,Usage,AmazonRDS,arn:aws:rds:us-east-1:444455556666:cluster:orders-db-stg,Aurora:StorageUsage,CreateDBInstance:0021,,us-east-1,OnDemand,500,50.0000,50.0000,orders-db-stg,order-api,staging,digital
M1,444455556666,Usage,AmazonRDS,arn:aws:rds:us-east-1:444455556666:cluster:orders-db-stg,InstanceUsage:db.r5.2xl,CreateDBInstance:0021,db.r5.2xlarge,us-east-1,OnDemand,1460,1693.6000,1693.6000,orders-db-stg,order-api,staging,digital
M1,444455556666,Usage,AmazonVPC,eipalloc-0b1000000000000001,PublicIPv4:IdleAddress,AllocateAddressVPC,,us-east-1,OnDemand,730,3.6500,3.6500,,,,
M2,111122223333,Usage,AWSDataTransfer,,DataTransfer-Out-Bytes,,,us-east-1,OnDemand,9000,810.0000,810.0000,,,,
M2,111122223333,Usage,AWSELB,arn:aws:elasticloadbalancing:us-east-1:111122223333:loadbalancer/app/legacy-promo-alb/0a0b0c0d0e0f0001,LCUUsage,LoadBalancing:Application,,us-east-1,OnDemand,0,0.0000,0.0000,,,,
M2,111122223333,Usage,AWSELB,arn:aws:elasticloadbalancing:us-east-1:111122223333:loadbalancer/app/legacy-promo-alb/0a0b0c0d0e0f0001,LoadBalancerUsage,LoadBalancing:Application,,us-east-1,OnDemand,730,16.4250,16.4250,,,,
M2,111122223333,Usage,AWSELB,arn:aws:elasticloadbalancing:us-east-1:111122223333:loadbalancer/app/order-api-alb/0a0b0c0d0e0f0001,LCUUsage,LoadBalancing:Application,,us-east-1,OnDemand,1400,11.2000,11.2000,order-api-alb,order-api,prod,digital
M2,111122223333,Usage,AWSELB,arn:aws:elasticloadbalancing:us-east-1:111122223333:loadbalancer/app/order-api-alb/0a0b0c0d0e0f0001,LoadBalancerUsage,LoadBalancing:Application,,us-east-1,OnDemand,730,16.4250,16.4250,order-api-alb,order-api,prod,digital
M2,111122223333,Usage,AWSELB,arn:aws:elasticloadbalancing:us-east-1:111122223333:loadbalancer/app/storefront-alb/0a0b0c0d0e0f0001,LCUUsage,LoadBalancing:Application,,us-east-1,OnDemand,2100,16.8000,16.8000,storefront-alb,storefront,prod,digital
M2,111122223333,Usage,AWSELB,arn:aws:elasticloadbalancing:us-east-1:111122223333:loadbalancer/app/storefront-alb/0a0b0c0d0e0f0001,LoadBalancerUsage,LoadBalancing:Application,,us-east-1,OnDemand,730,16.4250,16.4250,storefront-alb,storefront,prod,digital
M2,111122223333,Usage,AWSLambda,arn:aws:lambda:us-east-1:111122223333:function:image-resizer,Lambda-GB-Second,Invoke,,us-east-1,OnDemand,1,130.0000,130.0000,image-resizer,image-resizer,prod,digital
M2,111122223333,Usage,AmazonCloudFront,arn:aws:cloudfront::111122223333:distribution/E0HARBOR0001,US-DataTransfer-Out-Bytes,GET,,us-east-1,OnDemand,29000,2465.0000,2465.0000,storefront-cdn,storefront,prod,
M2,111122223333,Usage,AmazonCloudWatch,arn:aws:logs:us-east-1:111122223333:log-group:/aws/lambda/image-resizer,DataProcessing-Bytes,PutLogEvents,,us-east-1,OnDemand,40,20.0000,20.0000,,image-resizer,prod,digital
M2,111122223333,Usage,AmazonCloudWatch,arn:aws:logs:us-east-1:111122223333:log-group:/aws/lambda/image-resizer,TimedStorage-ByteHrs,HourlyStorageMetering,,us-east-1,OnDemand,200,6.0000,6.0000,,image-resizer,prod,digital
M2,111122223333,Usage,AmazonCloudWatch,arn:aws:logs:us-east-1:111122223333:log-group:/harbor-goods/order-api,DataProcessing-Bytes,PutLogEvents,,us-east-1,OnDemand,1050,525.0000,525.0000,,order-api,prod,digital
M2,111122223333,Usage,AmazonCloudWatch,arn:aws:logs:us-east-1:111122223333:log-group:/harbor-goods/order-api,TimedStorage-ByteHrs,HourlyStorageMetering,,us-east-1,OnDemand,7650,229.5000,229.5000,,order-api,prod,digital
M2,111122223333,Usage,AmazonCloudWatch,arn:aws:logs:us-east-1:111122223333:log-group:/harbor-goods/storefront,DataProcessing-Bytes,PutLogEvents,,us-east-1,OnDemand,300,150.0000,150.0000,,storefront,prod,digital
M2,111122223333,Usage,AmazonCloudWatch,arn:aws:logs:us-east-1:111122223333:log-group:/harbor-goods/storefront,TimedStorage-ByteHrs,HourlyStorageMetering,,us-east-1,OnDemand,3300,99.0000,99.0000,,storefront,prod,digital
M2,111122223333,Usage,AmazonCloudWatch,arn:aws:logs:us-east-1:111122223333:log-group:/harbor-goods/vpc-flow,DataProcessing-Bytes,PutLogEvents,,us-east-1,OnDemand,400,200.0000,200.0000,,network,prod,platform
M2,111122223333,Usage,AmazonCloudWatch,arn:aws:logs:us-east-1:111122223333:log-group:/harbor-goods/vpc-flow,TimedStorage-ByteHrs,HourlyStorageMetering,,us-east-1,OnDemand,4400,132.0000,132.0000,,network,prod,platform
M2,111122223333,Usage,AmazonDynamoDB,arn:aws:dynamodb:us-east-1:111122223333:table/cart,PayPerRequestThroughput,PayPerRequest,,us-east-1,OnDemand,1,880.0000,880.0000,cart,storefront,prod,digital
M2,111122223333,Usage,AmazonEC2,arn:aws:ec2:us-east-1:111122223333:natgateway/nat-0a1000000000000001,NatGateway-Bytes,NatGateway,,us-east-1,OnDemand,2800,126.0000,126.0000,prod-nat-a,network,prod,platform
M2,111122223333,Usage,AmazonEC2,arn:aws:ec2:us-east-1:111122223333:natgateway/nat-0a1000000000000001,NatGateway-Hours,NatGateway,,us-east-1,OnDemand,730,32.8500,32.8500,prod-nat-a,network,prod,platform
M2,111122223333,Usage,AmazonEC2,arn:aws:ec2:us-east-1:111122223333:natgateway/nat-0a1000000000000002,NatGateway-Bytes,NatGateway,,us-east-1,OnDemand,2800,126.0000,126.0000,prod-nat-b,network,prod,platform
M2,111122223333,Usage,AmazonEC2,arn:aws:ec2:us-east-1:111122223333:natgateway/nat-0a1000000000000002,NatGateway-Hours,NatGateway,,us-east-1,OnDemand,730,32.8500,32.8500,prod-nat-b,network,prod,platform
M2,111122223333,Usage,AmazonEC2,arn:aws:ec2:us-east-1:111122223333:natgateway/nat-0a1000000000000003,NatGateway-Bytes,NatGateway,,us-east-1,OnDemand,2800,126.0000,126.0000,prod-nat-c,network,prod,platform
M2,111122223333,Usage,AmazonEC2,arn:aws:ec2:us-east-1:111122223333:natgateway/nat-0a1000000000000003,NatGateway-Hours,NatGateway,,us-east-1,OnDemand,730,32.8500,32.8500,prod-nat-c,network,prod,platform
M2,111122223333,Usage,AmazonEC2,arn:aws:ec2:us-east-1:111122223333:snapshot/snap-0a1000000000000001,EBS:SnapshotUsage,CreateSnapshot,,us-east-1,OnDemand,120,6.0000,6.0000,,,,
M2,111122223333,Usage,AmazonEC2,arn:aws:ec2:us-east-1:111122223333:snapshot/snap-0a1000000000000002,EBS:SnapshotUsage,CreateSnapshot,,us-east-1,OnDemand,80,4.0000,4.0000,,,,
M2,111122223333,Usage,AmazonEC2,arn:aws:ec2:us-east-1:111122223333:snapshot/snap-0a1000000000000003,EBS:SnapshotUsage,CreateSnapshot,,us-east-1,OnDemand,60,3.0000,3.0000,,,,
M2,111122223333,Usage,AmazonEC2,arn:aws:ec2:us-east-1:111122223333:snapshot/snap-0a1000000000000004,EBS:SnapshotUsage,CreateSnapshot,,us-east-1,OnDemand,900,45.0000,45.0000,,,,
M2,111122223333,Usage,AmazonEC2,arn:aws:ec2:us-east-1:111122223333:snapshot/snap-0a1000000000000005,EBS:SnapshotUsage,CreateSnapshot,,us-east-1,OnDemand,700,35.0000,35.0000,,,,
M2,111122223333,Usage,AmazonEC2,arn:aws:ec2:us-east-1:111122223333:snapshot/snap-0a1000000000000006,EBS:SnapshotUsage,CreateSnapshot,,us-east-1,OnDemand,650,32.5000,32.5000,,,,
M2,111122223333,SavingsPlanCoveredUsage,AmazonEC2,i-0a100000000000001,BoxUsage:m5.xlarge,RunInstances,m5.xlarge,us-east-1,SavingsPlan,730,140.1600,140.1600,web-01,storefront,prod,digital
M2,111122223333,SavingsPlanNegation,AmazonEC2,i-0a100000000000001,BoxUsage:m5.xlarge,RunInstances,m5.xlarge,us-east-1,SavingsPlan,0,0.0000,-140.1600,web-01,storefront,prod,digital
M2,111122223333,SavingsPlanCoveredUsage,AmazonEC2,i-0a100000000000002,BoxUsage:m5.xlarge,RunInstances,m5.xlarge,us-east-1,SavingsPlan,730,140.1600,140.1600,web-02,storefront,prod,digital
M2,111122223333,SavingsPlanNegation,AmazonEC2,i-0a100000000000002,BoxUsage:m5.xlarge,RunInstances,m5.xlarge,us-east-1,SavingsPlan,0,0.0000,-140.1600,web-02,storefront,prod,digital
M2,111122223333,SavingsPlanCoveredUsage,AmazonEC2,i-0a100000000000003,BoxUsage:m5.xlarge,RunInstances,m5.xlarge,us-east-1,SavingsPlan,730,140.1600,140.1600,web-03,storefront,prod,digital
M2,111122223333,SavingsPlanNegation,AmazonEC2,i-0a100000000000003,BoxUsage:m5.xlarge,RunInstances,m5.xlarge,us-east-1,SavingsPlan,0,0.0000,-140.1600,web-03,storefront,prod,digital
M2,111122223333,SavingsPlanCoveredUsage,AmazonEC2,i-0a100000000000004,BoxUsage:m5.xlarge,RunInstances,m5.xlarge,us-east-1,SavingsPlan,730,140.1600,140.1600,web-04,storefront,prod,digital
M2,111122223333,SavingsPlanNegation,AmazonEC2,i-0a100000000000004,BoxUsage:m5.xlarge,RunInstances,m5.xlarge,us-east-1,SavingsPlan,0,0.0000,-140.1600,web-04,storefront,prod,digital
M2,111122223333,Usage,AmazonEC2,i-0a200000000000001,BoxUsage:m5.2xlarge,RunInstances,m5.2xlarge,us-east-1,OnDemand,730,280.3200,280.3200,app-01,order-api,prod,digital
M2,111122223333,Usage,AmazonEC2,i-0a200000000000002,BoxUsage:m5.2xlarge,RunInstances,m5.2xlarge,us-east-1,OnDemand,730,280.3200,280.3200,app-02,order-api,prod,digital
M2,111122223333,Usage,AmazonEC2,i-0a200000000000003,BoxUsage:m5.2xlarge,RunInstances,m5.2xlarge,us-east-1,OnDemand,730,280.3200,280.3200,app-03,order-api,prod,digital
M2,111122223333,Usage,AmazonEC2,i-0a200000000000004,BoxUsage:m5.2xlarge,RunInstances,m5.2xlarge,us-east-1,OnDemand,730,280.3200,280.3200,app-04,order-api,prod,digital
M2,111122223333,Usage,AmazonEC2,i-0a200000000000005,BoxUsage:m5.2xlarge,RunInstances,m5.2xlarge,us-east-1,OnDemand,730,280.3200,280.3200,app-05,order-api,prod,digital
M2,111122223333,Usage,AmazonEC2,i-0a200000000000006,BoxUsage:m5.2xlarge,RunInstances,m5.2xlarge,us-east-1,OnDemand,730,280.3200,280.3200,app-06,order-api,prod,digital
M2,111122223333,Usage,AmazonEC2,i-0a300000000000001,BoxUsage:c5.4xlarge,RunInstances,c5.4xlarge,us-east-1,OnDemand,730,496.4000,496.4000,batch-01,inventory-sync,prod,supply-chain
M2,111122223333,Usage,AmazonEC2,i-0a300000000000002,BoxUsage:c5.4xlarge,RunInstances,c5.4xlarge,us-east-1,OnDemand,730,496.4000,496.4000,batch-02,inventory-sync,prod,supply-chain
M2,111122223333,Usage,AmazonEC2,i-0a300000000000003,BoxUsage:c5.4xlarge,RunInstances,c5.4xlarge,us-east-1,OnDemand,730,496.4000,496.4000,batch-03,inventory-sync,prod,supply-chain
M2,111122223333,Usage,AmazonEC2,i-0a300000000000004,BoxUsage:c5.4xlarge,RunInstances,c5.4xlarge,us-east-1,OnDemand,730,496.4000,496.4000,batch-04,inventory-sync,prod,supply-chain
M2,111122223333,Usage,AmazonEC2,i-0a400000000000001,BoxUsage:t3.medium,RunInstances,t3.medium,us-east-1,OnDemand,730,30.3680,30.3680,bastion-01,platform,prod,platform
M2,111122223333,Usage,AmazonEC2,vol-0a100000000000001,EBS:VolumeUsage.gp2,CreateVolume-Gp2,,us-east-1,OnDemand,100,10.0000,10.0000,web-01,storefront,prod,digital
M2,111122223333,Usage,AmazonEC2,vol-0a100000000000002,EBS:VolumeUsage.gp2,CreateVolume-Gp2,,us-east-1,OnDemand,100,10.0000,10.0000,web-02,storefront,prod,digital
M2,111122223333,Usage,AmazonEC2,vol-0a100000000000003,EBS:VolumeUsage.gp2,CreateVolume-Gp2,,us-east-1,OnDemand,100,10.0000,10.0000,web-03,storefront,prod,digital
M2,111122223333,Usage,AmazonEC2,vol-0a100000000000004,EBS:VolumeUsage.gp2,CreateVolume-Gp2,,us-east-1,OnDemand,100,10.0000,10.0000,web-04,storefront,prod,digital
M2,111122223333,Usage,AmazonEC2,vol-0a200000000000001,EBS:VolumeUsage.gp2,CreateVolume-Gp2,,us-east-1,OnDemand,500,50.0000,50.0000,app-01,order-api,prod,digital
M2,111122223333,Usage,AmazonEC2,vol-0a200000000000002,EBS:VolumeUsage.gp2,CreateVolume-Gp2,,us-east-1,OnDemand,500,50.0000,50.0000,app-02,order-api,prod,digital
M2,111122223333,Usage,AmazonEC2,vol-0a200000000000003,EBS:VolumeUsage.gp2,CreateVolume-Gp2,,us-east-1,OnDemand,500,50.0000,50.0000,app-03,order-api,prod,digital
M2,111122223333,Usage,AmazonEC2,vol-0a200000000000004,EBS:VolumeUsage.gp2,CreateVolume-Gp2,,us-east-1,OnDemand,500,50.0000,50.0000,app-04,order-api,prod,digital
M2,111122223333,Usage,AmazonEC2,vol-0a200000000000005,EBS:VolumeUsage.gp2,CreateVolume-Gp2,,us-east-1,OnDemand,500,50.0000,50.0000,app-05,order-api,prod,digital
M2,111122223333,Usage,AmazonEC2,vol-0a200000000000006,EBS:VolumeUsage.gp2,CreateVolume-Gp2,,us-east-1,OnDemand,500,50.0000,50.0000,app-06,order-api,prod,digital
M2,111122223333,Usage,AmazonEC2,vol-0a300000000000001,EBS:VolumeUsage.gp3,CreateVolume-Gp3,,us-east-1,OnDemand,1000,80.0000,80.0000,batch-01,inventory-sync,prod,supply-chain
M2,111122223333,Usage,AmazonEC2,vol-0a300000000000002,EBS:VolumeUsage.gp3,CreateVolume-Gp3,,us-east-1,OnDemand,1000,80.0000,80.0000,batch-02,inventory-sync,prod,supply-chain
M2,111122223333,Usage,AmazonEC2,vol-0a300000000000003,EBS:VolumeUsage.gp3,CreateVolume-Gp3,,us-east-1,OnDemand,1000,80.0000,80.0000,batch-03,inventory-sync,prod,supply-chain
M2,111122223333,Usage,AmazonEC2,vol-0a300000000000004,EBS:VolumeUsage.gp3,CreateVolume-Gp3,,us-east-1,OnDemand,1000,80.0000,80.0000,batch-04,inventory-sync,prod,supply-chain
M2,111122223333,Usage,AmazonEC2,vol-0a400000000000001,EBS:VolumeUsage.gp3,CreateVolume-Gp3,,us-east-1,OnDemand,30,2.4000,2.4000,bastion-01,platform,prod,platform
M2,111122223333,Usage,AmazonEC2,vol-0a9000000000000e1,EBS:VolumeUsage.gp2,CreateVolume-Gp2,,us-east-1,OnDemand,1000,100.0000,100.0000,,,,
M2,111122223333,Usage,AmazonEC2,vol-0a9000000000000e2,EBS:VolumeUsage.gp2,CreateVolume-Gp2,,us-east-1,OnDemand,500,50.0000,50.0000,,,,
M2,111122223333,Usage,AmazonElastiCache,arn:aws:elasticache:us-east-1:111122223333:cluster:sessions-001,NodeUsage:cache.r5.large,CreateCacheCluster:0002,cache.r5.large,us-east-1,OnDemand,730,157.6800,157.6800,sessions-001,storefront,,digital
M2,111122223333,Usage,AmazonElastiCache,arn:aws:elasticache:us-east-1:111122223333:cluster:sessions-002,NodeUsage:cache.r5.large,CreateCacheCluster:0002,cache.r5.large,us-east-1,OnDemand,730,157.6800,157.6800,sessions-002,storefront,,digital
M2,111122223333,Usage,AmazonRDS,arn:aws:rds:us-east-1:111122223333:cluster:orders-db,Aurora:StorageIOUsage,CreateDBInstance:0021,,us-east-1,OnDemand,2000000000,400.0000,400.0000,orders-db,order-api,prod,digital
M2,111122223333,Usage,AmazonRDS,arn:aws:rds:us-east-1:111122223333:cluster:orders-db,Aurora:StorageUsage,CreateDBInstance:0021,,us-east-1,OnDemand,1000,100.0000,100.0000,orders-db,order-api,prod,digital
M2,111122223333,Usage,AmazonRDS,arn:aws:rds:us-east-1:111122223333:cluster:orders-db,InstanceUsage:db.r5.4xl,CreateDBInstance:0021,db.r5.4xlarge,us-east-1,OnDemand,1460,3387.2000,3387.2000,orders-db,order-api,prod,digital
M2,111122223333,Usage,AmazonRDS,arn:aws:rds:us-east-1:111122223333:cluster:reporting-db,Aurora:StorageIOUsage,CreateDBInstance:0021,,us-east-1,OnDemand,300000000,60.0000,60.0000,reporting-db,reporting,prod,finance
M2,111122223333,Usage,AmazonRDS,arn:aws:rds:us-east-1:111122223333:cluster:reporting-db,Aurora:StorageUsage,CreateDBInstance:0021,,us-east-1,OnDemand,500,50.0000,50.0000,reporting-db,reporting,prod,finance
M2,111122223333,Usage,AmazonRDS,arn:aws:rds:us-east-1:111122223333:cluster:reporting-db,InstanceUsage:db.r5.xl,CreateDBInstance:0021,db.r5.xlarge,us-east-1,OnDemand,730,423.4000,423.4000,reporting-db,reporting,prod,finance
M2,111122223333,Usage,AmazonRedshift,arn:aws:redshift:us-east-1:111122223333:cluster:warehouse/node-1,Node:ra3.xlplus,RunComputeNode:0001,ra3.xlplus,us-east-1,OnDemand,730,792.7800,792.7800,warehouse,analytics,prod,finance
M2,111122223333,Usage,AmazonRedshift,arn:aws:redshift:us-east-1:111122223333:cluster:warehouse/node-2,Node:ra3.xlplus,RunComputeNode:0001,ra3.xlplus,us-east-1,OnDemand,730,792.7800,792.7800,warehouse,analytics,prod,finance
M2,111122223333,Usage,AmazonS3,harbor-goods-data-lake,TimedStorage-ByteHrs,StandardStorage,,us-east-1,OnDemand,40000,920.0000,920.0000,,analytics,prod,finance
M2,111122223333,Usage,AmazonS3,harbor-goods-product-images,Requests-Tier1,PutObject,,us-east-1,OnDemand,1,48.0000,48.0000,,storefront,prod,digital
M2,111122223333,Usage,AmazonS3,harbor-goods-product-images,TimedStorage-ByteHrs,StandardStorage,,us-east-1,OnDemand,3000,69.0000,69.0000,,storefront,prod,digital
M2,111122223333,Usage,AmazonVPC,eipalloc-0a1000000000000001,PublicIPv4:IdleAddress,AllocateAddressVPC,,us-east-1,OnDemand,730,3.6500,3.6500,,,,
M2,111122223333,Usage,AmazonVPC,eipalloc-0a1000000000000002,PublicIPv4:IdleAddress,AllocateAddressVPC,,us-east-1,OnDemand,730,3.6500,3.6500,,,,
M2,111122223333,SavingsPlanRecurringFee,ComputeSavingsPlans,arn:aws:savingsplans::111122223333:savingsplan/0a0b0c0d-0000-4000-8000-000000000001,ComputeSP:1yrNoUpfront,,,us-east-1,OnDemand,730,0.0000,408.8000,,,,
M2,123456789012,Usage,AmazonEC2,arn:aws:ec2:us-east-1:123456789012:snapshot/snap-0c1000000000000001,EBS:SnapshotUsage,CreateSnapshot,,us-east-1,OnDemand,500,25.0000,25.0000,,,,
M2,123456789012,Usage,AmazonEC2,arn:aws:ec2:us-east-1:123456789012:snapshot/snap-0c1000000000000002,EBS:SnapshotUsage,CreateSnapshot,,us-east-1,OnDemand,90,4.5000,4.5000,,,,
M2,123456789012,Usage,AmazonEC2,i-0c100000000000001,BoxUsage:c5.xlarge,RunInstances,c5.xlarge,us-east-1,OnDemand,730,124.1000,124.1000,ci-runner-01,ci,shared,platform
M2,123456789012,Usage,AmazonEC2,i-0c100000000000002,BoxUsage:c5.xlarge,RunInstances,c5.xlarge,us-east-1,OnDemand,730,124.1000,124.1000,ci-runner-02,ci,shared,platform
M2,123456789012,Usage,AmazonEC2,i-0c200000000000001,BoxUsage:t3.large,RunInstances,t3.large,us-east-1,OnDemand,730,60.7360,60.7360,dev-01,sandbox,dev,digital
M2,123456789012,Usage,AmazonEC2,i-0c200000000000002,BoxUsage:t3.large,RunInstances,t3.large,us-east-1,OnDemand,730,60.7360,60.7360,dev-02,sandbox,dev,digital
M2,123456789012,Usage,AmazonEC2,i-0c200000000000003,BoxUsage:t3.large,RunInstances,t3.large,us-east-1,OnDemand,730,60.7360,60.7360,dev-03,sandbox,dev,digital
M2,123456789012,Usage,AmazonEC2,i-0c200000000000004,BoxUsage:t3.large,RunInstances,t3.large,us-east-1,OnDemand,730,60.7360,60.7360,dev-04,,,
M2,123456789012,Usage,AmazonEC2,i-0c200000000000005,BoxUsage:t3.large,RunInstances,t3.large,us-east-1,OnDemand,730,60.7360,60.7360,dev-05,,,
M2,123456789012,Usage,AmazonEC2,vol-0c100000000000001,EBS:VolumeUsage.gp3,CreateVolume-Gp3,,us-east-1,OnDemand,200,16.0000,16.0000,ci-runner-01,ci,shared,platform
M2,123456789012,Usage,AmazonEC2,vol-0c100000000000002,EBS:VolumeUsage.gp3,CreateVolume-Gp3,,us-east-1,OnDemand,200,16.0000,16.0000,ci-runner-02,ci,shared,platform
M2,123456789012,Usage,AmazonEC2,vol-0c200000000000001,EBS:VolumeUsage.gp2,CreateVolume-Gp2,,us-east-1,OnDemand,100,10.0000,10.0000,dev-01,sandbox,dev,digital
M2,123456789012,Usage,AmazonEC2,vol-0c200000000000002,EBS:VolumeUsage.gp2,CreateVolume-Gp2,,us-east-1,OnDemand,100,10.0000,10.0000,dev-02,sandbox,dev,digital
M2,123456789012,Usage,AmazonEC2,vol-0c200000000000003,EBS:VolumeUsage.gp2,CreateVolume-Gp2,,us-east-1,OnDemand,100,10.0000,10.0000,dev-03,sandbox,dev,digital
M2,123456789012,Usage,AmazonEC2,vol-0c200000000000004,EBS:VolumeUsage.gp2,CreateVolume-Gp2,,us-east-1,OnDemand,100,10.0000,10.0000,dev-04,,,
M2,123456789012,Usage,AmazonEC2,vol-0c200000000000005,EBS:VolumeUsage.gp2,CreateVolume-Gp2,,us-east-1,OnDemand,100,10.0000,10.0000,dev-05,,,
M2,123456789012,Usage,AmazonEC2,vol-0c9000000000000e1,EBS:VolumeUsage.gp3,CreateVolume-Gp3,,us-east-1,OnDemand,2000,160.0000,160.0000,,,,
M2,123456789012,Usage,AmazonEC2,vol-0c9000000000000e2,EBS:VolumeUsage.gp2,CreateVolume-Gp2,,us-east-1,OnDemand,250,25.0000,25.0000,,,,
M2,123456789012,Usage,AmazonS3,harbor-goods-app-logs,TimedStorage-ByteHrs,StandardStorage,,us-east-1,OnDemand,20000,460.0000,460.0000,,logging,shared,platform
M2,123456789012,Usage,AmazonVPC,eipalloc-0c1000000000000001,PublicIPv4:IdleAddress,AllocateAddressVPC,,us-east-1,OnDemand,730,3.6500,3.6500,,,,
M2,444455556666,Usage,AWSELB,arn:aws:elasticloadbalancing:us-east-1:444455556666:loadbalancer/app/order-api-stg-alb/0a0b0c0d0e0f0001,LCUUsage,LoadBalancing:Application,,us-east-1,OnDemand,40,0.3200,0.3200,order-api-stg-alb,order-api,staging,digital
M2,444455556666,Usage,AWSELB,arn:aws:elasticloadbalancing:us-east-1:444455556666:loadbalancer/app/order-api-stg-alb/0a0b0c0d0e0f0001,LoadBalancerUsage,LoadBalancing:Application,,us-east-1,OnDemand,730,16.4250,16.4250,order-api-stg-alb,order-api,staging,digital
M2,444455556666,Usage,AWSELB,arn:aws:elasticloadbalancing:us-east-1:444455556666:loadbalancer/stg-legacy-clb,LoadBalancerUsage,LoadBalancing,,us-east-1,OnDemand,730,18.2500,18.2500,,,,
M2,444455556666,Usage,AmazonCloudWatch,arn:aws:logs:us-east-1:444455556666:log-group:/harbor-goods/order-api-stg,DataProcessing-Bytes,PutLogEvents,,us-east-1,OnDemand,150,75.0000,75.0000,,,,
M2,444455556666,Usage,AmazonCloudWatch,arn:aws:logs:us-east-1:444455556666:log-group:/harbor-goods/order-api-stg,TimedStorage-ByteHrs,HourlyStorageMetering,,us-east-1,OnDemand,1650,49.5000,49.5000,,,,
M2,444455556666,Usage,AmazonEC2,arn:aws:ec2:us-east-1:444455556666:natgateway/nat-0b1000000000000001,NatGateway-Bytes,NatGateway,,us-east-1,OnDemand,20,0.9000,0.9000,stg-nat-a,network,staging,platform
M2,444455556666,Usage,AmazonEC2,arn:aws:ec2:us-east-1:444455556666:natgateway/nat-0b1000000000000001,NatGateway-Hours,NatGateway,,us-east-1,OnDemand,730,32.8500,32.8500,stg-nat-a,network,staging,platform
M2,444455556666,Usage,AmazonEC2,arn:aws:ec2:us-east-1:444455556666:natgateway/nat-0b1000000000000002,NatGateway-Bytes,NatGateway,,us-east-1,OnDemand,20,0.9000,0.9000,stg-nat-b,network,staging,platform
M2,444455556666,Usage,AmazonEC2,arn:aws:ec2:us-east-1:444455556666:natgateway/nat-0b1000000000000002,NatGateway-Hours,NatGateway,,us-east-1,OnDemand,730,32.8500,32.8500,stg-nat-b,network,staging,platform
M2,444455556666,Usage,AmazonEC2,arn:aws:ec2:us-east-1:444455556666:natgateway/nat-0b1000000000000003,NatGateway-Bytes,NatGateway,,us-east-1,OnDemand,20,0.9000,0.9000,stg-nat-c,network,staging,platform
M2,444455556666,Usage,AmazonEC2,arn:aws:ec2:us-east-1:444455556666:natgateway/nat-0b1000000000000003,NatGateway-Hours,NatGateway,,us-east-1,OnDemand,730,32.8500,32.8500,stg-nat-c,network,staging,platform
M2,444455556666,Usage,AmazonEC2,arn:aws:ec2:us-east-1:444455556666:snapshot/snap-0b1000000000000001,EBS:SnapshotUsage,CreateSnapshot,,us-east-1,OnDemand,400,20.0000,20.0000,,,,
M2,444455556666,Usage,AmazonEC2,arn:aws:ec2:us-east-1:444455556666:snapshot/snap-0b1000000000000002,EBS:SnapshotUsage,CreateSnapshot,,us-east-1,OnDemand,150,7.5000,7.5000,,,,
M2,444455556666,Usage,AmazonEC2,i-0b100000000000001,BoxUsage:m5.2xlarge,RunInstances,m5.2xlarge,us-east-1,OnDemand,730,280.3200,280.3200,stg-app-01,order-api,staging,digital
M2,444455556666,Usage,AmazonEC2,i-0b100000000000002,BoxUsage:m5.2xlarge,RunInstances,m5.2xlarge,us-east-1,OnDemand,730,280.3200,280.3200,stg-app-02,order-api,staging,digital
M2,444455556666,Usage,AmazonEC2,i-0b100000000000003,BoxUsage:m5.2xlarge,RunInstances,m5.2xlarge,us-east-1,OnDemand,730,280.3200,280.3200,stg-app-03,order-api,staging,digital
M2,444455556666,Usage,AmazonEC2,i-0b100000000000004,BoxUsage:m5.2xlarge,RunInstances,m5.2xlarge,us-east-1,OnDemand,730,280.3200,280.3200,stg-app-04,order-api,staging,digital
M2,444455556666,Usage,AmazonEC2,i-0b200000000000001,BoxUsage:c5.2xlarge,RunInstances,c5.2xlarge,us-east-1,OnDemand,730,248.2000,248.2000,,,,
M2,444455556666,Usage,AmazonEC2,vol-0b100000000000001,EBS:VolumeUsage.gp2,CreateVolume-Gp2,,us-east-1,OnDemand,500,50.0000,50.0000,stg-app-01,order-api,staging,digital
M2,444455556666,Usage,AmazonEC2,vol-0b100000000000002,EBS:VolumeUsage.gp2,CreateVolume-Gp2,,us-east-1,OnDemand,500,50.0000,50.0000,stg-app-02,order-api,staging,digital
M2,444455556666,Usage,AmazonEC2,vol-0b100000000000003,EBS:VolumeUsage.gp2,CreateVolume-Gp2,,us-east-1,OnDemand,500,50.0000,50.0000,stg-app-03,order-api,staging,digital
M2,444455556666,Usage,AmazonEC2,vol-0b100000000000004,EBS:VolumeUsage.gp2,CreateVolume-Gp2,,us-east-1,OnDemand,500,50.0000,50.0000,stg-app-04,order-api,staging,digital
M2,444455556666,Usage,AmazonEC2,vol-0b200000000000001,EBS:VolumeUsage.gp2,CreateVolume-Gp2,,us-east-1,OnDemand,500,50.0000,50.0000,,,,
M2,444455556666,Usage,AmazonEC2,vol-0b9000000000000e1,EBS:VolumeUsage.gp2,CreateVolume-Gp2,,us-east-1,OnDemand,500,50.0000,50.0000,,,,
M2,444455556666,Usage,AmazonRDS,arn:aws:rds:us-east-1:444455556666:cluster:orders-db-stg,Aurora:StorageIOUsage,CreateDBInstance:0021,,us-east-1,OnDemand,100000000,20.0000,20.0000,orders-db-stg,order-api,staging,digital
M2,444455556666,Usage,AmazonRDS,arn:aws:rds:us-east-1:444455556666:cluster:orders-db-stg,Aurora:StorageUsage,CreateDBInstance:0021,,us-east-1,OnDemand,500,50.0000,50.0000,orders-db-stg,order-api,staging,digital
M2,444455556666,Usage,AmazonRDS,arn:aws:rds:us-east-1:444455556666:cluster:orders-db-stg,InstanceUsage:db.r5.2xl,CreateDBInstance:0021,db.r5.2xlarge,us-east-1,OnDemand,1460,1693.6000,1693.6000,orders-db-stg,order-api,staging,digital
M2,444455556666,Usage,AmazonVPC,eipalloc-0b1000000000000001,PublicIPv4:IdleAddress,AllocateAddressVPC,,us-east-1,OnDemand,730,3.6500,3.6500,,,,
M3,111122223333,Usage,AWSDataTransfer,,DataTransfer-Out-Bytes,,,us-east-1,OnDemand,10000,900.0000,900.0000,,,,
M3,111122223333,Usage,AWSELB,arn:aws:elasticloadbalancing:us-east-1:111122223333:loadbalancer/app/legacy-promo-alb/0a0b0c0d0e0f0001,LCUUsage,LoadBalancing:Application,,us-east-1,OnDemand,0,0.0000,0.0000,,,,
M3,111122223333,Usage,AWSELB,arn:aws:elasticloadbalancing:us-east-1:111122223333:loadbalancer/app/legacy-promo-alb/0a0b0c0d0e0f0001,LoadBalancerUsage,LoadBalancing:Application,,us-east-1,OnDemand,730,16.4250,16.4250,,,,
M3,111122223333,Usage,AWSELB,arn:aws:elasticloadbalancing:us-east-1:111122223333:loadbalancer/app/order-api-alb/0a0b0c0d0e0f0001,LCUUsage,LoadBalancing:Application,,us-east-1,OnDemand,1500,12.0000,12.0000,order-api-alb,order-api,prod,digital
M3,111122223333,Usage,AWSELB,arn:aws:elasticloadbalancing:us-east-1:111122223333:loadbalancer/app/order-api-alb/0a0b0c0d0e0f0001,LoadBalancerUsage,LoadBalancing:Application,,us-east-1,OnDemand,730,16.4250,16.4250,order-api-alb,order-api,prod,digital
M3,111122223333,Usage,AWSELB,arn:aws:elasticloadbalancing:us-east-1:111122223333:loadbalancer/app/storefront-alb/0a0b0c0d0e0f0001,LCUUsage,LoadBalancing:Application,,us-east-1,OnDemand,2200,17.6000,17.6000,storefront-alb,storefront,prod,digital
M3,111122223333,Usage,AWSELB,arn:aws:elasticloadbalancing:us-east-1:111122223333:loadbalancer/app/storefront-alb/0a0b0c0d0e0f0001,LoadBalancerUsage,LoadBalancing:Application,,us-east-1,OnDemand,730,16.4250,16.4250,storefront-alb,storefront,prod,digital
M3,111122223333,Usage,AWSLambda,arn:aws:lambda:us-east-1:111122223333:function:image-resizer,Lambda-GB-Second,Invoke,,us-east-1,OnDemand,1,140.0000,140.0000,image-resizer,image-resizer,prod,digital
M3,111122223333,Usage,AmazonCloudFront,arn:aws:cloudfront::111122223333:distribution/E0HARBOR0001,US-DataTransfer-Out-Bytes,GET,,us-east-1,OnDemand,30000,2550.0000,2550.0000,storefront-cdn,storefront,prod,
M3,111122223333,Usage,AmazonCloudWatch,arn:aws:logs:us-east-1:111122223333:log-group:/aws/lambda/image-resizer,DataProcessing-Bytes,PutLogEvents,,us-east-1,OnDemand,40,20.0000,20.0000,,image-resizer,prod,digital
M3,111122223333,Usage,AmazonCloudWatch,arn:aws:logs:us-east-1:111122223333:log-group:/aws/lambda/image-resizer,TimedStorage-ByteHrs,HourlyStorageMetering,,us-east-1,OnDemand,200,6.0000,6.0000,,image-resizer,prod,digital
M3,111122223333,Usage,AmazonCloudWatch,arn:aws:logs:us-east-1:111122223333:log-group:/harbor-goods/order-api,DataProcessing-Bytes,PutLogEvents,,us-east-1,OnDemand,1200,600.0000,600.0000,,order-api,prod,digital
M3,111122223333,Usage,AmazonCloudWatch,arn:aws:logs:us-east-1:111122223333:log-group:/harbor-goods/order-api,TimedStorage-ByteHrs,HourlyStorageMetering,,us-east-1,OnDemand,9000,270.0000,270.0000,,order-api,prod,digital
M3,111122223333,Usage,AmazonCloudWatch,arn:aws:logs:us-east-1:111122223333:log-group:/harbor-goods/storefront,DataProcessing-Bytes,PutLogEvents,,us-east-1,OnDemand,300,150.0000,150.0000,,storefront,prod,digital
M3,111122223333,Usage,AmazonCloudWatch,arn:aws:logs:us-east-1:111122223333:log-group:/harbor-goods/storefront,TimedStorage-ByteHrs,HourlyStorageMetering,,us-east-1,OnDemand,3600,108.0000,108.0000,,storefront,prod,digital
M3,111122223333,Usage,AmazonCloudWatch,arn:aws:logs:us-east-1:111122223333:log-group:/harbor-goods/vpc-flow,DataProcessing-Bytes,PutLogEvents,,us-east-1,OnDemand,400,200.0000,200.0000,,network,prod,platform
M3,111122223333,Usage,AmazonCloudWatch,arn:aws:logs:us-east-1:111122223333:log-group:/harbor-goods/vpc-flow,TimedStorage-ByteHrs,HourlyStorageMetering,,us-east-1,OnDemand,4800,144.0000,144.0000,,network,prod,platform
M3,111122223333,Usage,AmazonDynamoDB,arn:aws:dynamodb:us-east-1:111122223333:table/cart,PayPerRequestThroughput,PayPerRequest,,us-east-1,OnDemand,1,900.0000,900.0000,cart,storefront,prod,digital
M3,111122223333,Usage,AmazonEC2,arn:aws:ec2:us-east-1:111122223333:natgateway/nat-0a1000000000000001,NatGateway-Bytes,NatGateway,,us-east-1,OnDemand,3000,135.0000,135.0000,prod-nat-a,network,prod,platform
M3,111122223333,Usage,AmazonEC2,arn:aws:ec2:us-east-1:111122223333:natgateway/nat-0a1000000000000001,NatGateway-Hours,NatGateway,,us-east-1,OnDemand,730,32.8500,32.8500,prod-nat-a,network,prod,platform
M3,111122223333,Usage,AmazonEC2,arn:aws:ec2:us-east-1:111122223333:natgateway/nat-0a1000000000000002,NatGateway-Bytes,NatGateway,,us-east-1,OnDemand,3000,135.0000,135.0000,prod-nat-b,network,prod,platform
M3,111122223333,Usage,AmazonEC2,arn:aws:ec2:us-east-1:111122223333:natgateway/nat-0a1000000000000002,NatGateway-Hours,NatGateway,,us-east-1,OnDemand,730,32.8500,32.8500,prod-nat-b,network,prod,platform
M3,111122223333,Usage,AmazonEC2,arn:aws:ec2:us-east-1:111122223333:natgateway/nat-0a1000000000000003,NatGateway-Bytes,NatGateway,,us-east-1,OnDemand,3000,135.0000,135.0000,prod-nat-c,network,prod,platform
M3,111122223333,Usage,AmazonEC2,arn:aws:ec2:us-east-1:111122223333:natgateway/nat-0a1000000000000003,NatGateway-Hours,NatGateway,,us-east-1,OnDemand,730,32.8500,32.8500,prod-nat-c,network,prod,platform
M3,111122223333,Usage,AmazonEC2,arn:aws:ec2:us-east-1:111122223333:snapshot/snap-0a1000000000000001,EBS:SnapshotUsage,CreateSnapshot,,us-east-1,OnDemand,120,6.0000,6.0000,,,,
M3,111122223333,Usage,AmazonEC2,arn:aws:ec2:us-east-1:111122223333:snapshot/snap-0a1000000000000002,EBS:SnapshotUsage,CreateSnapshot,,us-east-1,OnDemand,80,4.0000,4.0000,,,,
M3,111122223333,Usage,AmazonEC2,arn:aws:ec2:us-east-1:111122223333:snapshot/snap-0a1000000000000003,EBS:SnapshotUsage,CreateSnapshot,,us-east-1,OnDemand,60,3.0000,3.0000,,,,
M3,111122223333,Usage,AmazonEC2,arn:aws:ec2:us-east-1:111122223333:snapshot/snap-0a1000000000000004,EBS:SnapshotUsage,CreateSnapshot,,us-east-1,OnDemand,900,45.0000,45.0000,,,,
M3,111122223333,Usage,AmazonEC2,arn:aws:ec2:us-east-1:111122223333:snapshot/snap-0a1000000000000005,EBS:SnapshotUsage,CreateSnapshot,,us-east-1,OnDemand,700,35.0000,35.0000,,,,
M3,111122223333,Usage,AmazonEC2,arn:aws:ec2:us-east-1:111122223333:snapshot/snap-0a1000000000000006,EBS:SnapshotUsage,CreateSnapshot,,us-east-1,OnDemand,650,32.5000,32.5000,,,,
M3,111122223333,SavingsPlanCoveredUsage,AmazonEC2,i-0a100000000000001,BoxUsage:m5.xlarge,RunInstances,m5.xlarge,us-east-1,SavingsPlan,730,140.1600,140.1600,web-01,storefront,prod,digital
M3,111122223333,SavingsPlanNegation,AmazonEC2,i-0a100000000000001,BoxUsage:m5.xlarge,RunInstances,m5.xlarge,us-east-1,SavingsPlan,0,0.0000,-140.1600,web-01,storefront,prod,digital
M3,111122223333,SavingsPlanCoveredUsage,AmazonEC2,i-0a100000000000002,BoxUsage:m5.xlarge,RunInstances,m5.xlarge,us-east-1,SavingsPlan,730,140.1600,140.1600,web-02,storefront,prod,digital
M3,111122223333,SavingsPlanNegation,AmazonEC2,i-0a100000000000002,BoxUsage:m5.xlarge,RunInstances,m5.xlarge,us-east-1,SavingsPlan,0,0.0000,-140.1600,web-02,storefront,prod,digital
M3,111122223333,SavingsPlanCoveredUsage,AmazonEC2,i-0a100000000000003,BoxUsage:m5.xlarge,RunInstances,m5.xlarge,us-east-1,SavingsPlan,730,140.1600,140.1600,web-03,storefront,prod,digital
M3,111122223333,SavingsPlanNegation,AmazonEC2,i-0a100000000000003,BoxUsage:m5.xlarge,RunInstances,m5.xlarge,us-east-1,SavingsPlan,0,0.0000,-140.1600,web-03,storefront,prod,digital
M3,111122223333,SavingsPlanCoveredUsage,AmazonEC2,i-0a100000000000004,BoxUsage:m5.xlarge,RunInstances,m5.xlarge,us-east-1,SavingsPlan,730,140.1600,140.1600,web-04,storefront,prod,digital
M3,111122223333,SavingsPlanNegation,AmazonEC2,i-0a100000000000004,BoxUsage:m5.xlarge,RunInstances,m5.xlarge,us-east-1,SavingsPlan,0,0.0000,-140.1600,web-04,storefront,prod,digital
M3,111122223333,Usage,AmazonEC2,i-0a200000000000001,BoxUsage:m5.2xlarge,RunInstances,m5.2xlarge,us-east-1,OnDemand,730,280.3200,280.3200,app-01,order-api,prod,digital
M3,111122223333,Usage,AmazonEC2,i-0a200000000000002,BoxUsage:m5.2xlarge,RunInstances,m5.2xlarge,us-east-1,OnDemand,730,280.3200,280.3200,app-02,order-api,prod,digital
M3,111122223333,Usage,AmazonEC2,i-0a200000000000003,BoxUsage:m5.2xlarge,RunInstances,m5.2xlarge,us-east-1,OnDemand,730,280.3200,280.3200,app-03,order-api,prod,digital
M3,111122223333,Usage,AmazonEC2,i-0a200000000000004,BoxUsage:m5.2xlarge,RunInstances,m5.2xlarge,us-east-1,OnDemand,730,280.3200,280.3200,app-04,order-api,prod,digital
M3,111122223333,Usage,AmazonEC2,i-0a200000000000005,BoxUsage:m5.2xlarge,RunInstances,m5.2xlarge,us-east-1,OnDemand,730,280.3200,280.3200,app-05,order-api,prod,digital
M3,111122223333,Usage,AmazonEC2,i-0a200000000000006,BoxUsage:m5.2xlarge,RunInstances,m5.2xlarge,us-east-1,OnDemand,730,280.3200,280.3200,app-06,order-api,prod,digital
M3,111122223333,Usage,AmazonEC2,i-0a300000000000001,BoxUsage:c5.4xlarge,RunInstances,c5.4xlarge,us-east-1,OnDemand,730,496.4000,496.4000,batch-01,inventory-sync,prod,supply-chain
M3,111122223333,Usage,AmazonEC2,i-0a300000000000002,BoxUsage:c5.4xlarge,RunInstances,c5.4xlarge,us-east-1,OnDemand,730,496.4000,496.4000,batch-02,inventory-sync,prod,supply-chain
M3,111122223333,Usage,AmazonEC2,i-0a300000000000003,BoxUsage:c5.4xlarge,RunInstances,c5.4xlarge,us-east-1,OnDemand,730,496.4000,496.4000,batch-03,inventory-sync,prod,supply-chain
M3,111122223333,Usage,AmazonEC2,i-0a300000000000004,BoxUsage:c5.4xlarge,RunInstances,c5.4xlarge,us-east-1,OnDemand,730,496.4000,496.4000,batch-04,inventory-sync,prod,supply-chain
M3,111122223333,Usage,AmazonEC2,i-0a400000000000001,BoxUsage:t3.medium,RunInstances,t3.medium,us-east-1,OnDemand,730,30.3680,30.3680,bastion-01,platform,prod,platform
M3,111122223333,Usage,AmazonEC2,vol-0a100000000000001,EBS:VolumeUsage.gp2,CreateVolume-Gp2,,us-east-1,OnDemand,100,10.0000,10.0000,web-01,storefront,prod,digital
M3,111122223333,Usage,AmazonEC2,vol-0a100000000000002,EBS:VolumeUsage.gp2,CreateVolume-Gp2,,us-east-1,OnDemand,100,10.0000,10.0000,web-02,storefront,prod,digital
M3,111122223333,Usage,AmazonEC2,vol-0a100000000000003,EBS:VolumeUsage.gp2,CreateVolume-Gp2,,us-east-1,OnDemand,100,10.0000,10.0000,web-03,storefront,prod,digital
M3,111122223333,Usage,AmazonEC2,vol-0a100000000000004,EBS:VolumeUsage.gp2,CreateVolume-Gp2,,us-east-1,OnDemand,100,10.0000,10.0000,web-04,storefront,prod,digital
M3,111122223333,Usage,AmazonEC2,vol-0a200000000000001,EBS:VolumeUsage.gp2,CreateVolume-Gp2,,us-east-1,OnDemand,500,50.0000,50.0000,app-01,order-api,prod,digital
M3,111122223333,Usage,AmazonEC2,vol-0a200000000000002,EBS:VolumeUsage.gp2,CreateVolume-Gp2,,us-east-1,OnDemand,500,50.0000,50.0000,app-02,order-api,prod,digital
M3,111122223333,Usage,AmazonEC2,vol-0a200000000000003,EBS:VolumeUsage.gp2,CreateVolume-Gp2,,us-east-1,OnDemand,500,50.0000,50.0000,app-03,order-api,prod,digital
M3,111122223333,Usage,AmazonEC2,vol-0a200000000000004,EBS:VolumeUsage.gp2,CreateVolume-Gp2,,us-east-1,OnDemand,500,50.0000,50.0000,app-04,order-api,prod,digital
M3,111122223333,Usage,AmazonEC2,vol-0a200000000000005,EBS:VolumeUsage.gp2,CreateVolume-Gp2,,us-east-1,OnDemand,500,50.0000,50.0000,app-05,order-api,prod,digital
M3,111122223333,Usage,AmazonEC2,vol-0a200000000000006,EBS:VolumeUsage.gp2,CreateVolume-Gp2,,us-east-1,OnDemand,500,50.0000,50.0000,app-06,order-api,prod,digital
M3,111122223333,Usage,AmazonEC2,vol-0a300000000000001,EBS:VolumeUsage.gp3,CreateVolume-Gp3,,us-east-1,OnDemand,1000,80.0000,80.0000,batch-01,inventory-sync,prod,supply-chain
M3,111122223333,Usage,AmazonEC2,vol-0a300000000000002,EBS:VolumeUsage.gp3,CreateVolume-Gp3,,us-east-1,OnDemand,1000,80.0000,80.0000,batch-02,inventory-sync,prod,supply-chain
M3,111122223333,Usage,AmazonEC2,vol-0a300000000000003,EBS:VolumeUsage.gp3,CreateVolume-Gp3,,us-east-1,OnDemand,1000,80.0000,80.0000,batch-03,inventory-sync,prod,supply-chain
M3,111122223333,Usage,AmazonEC2,vol-0a300000000000004,EBS:VolumeUsage.gp3,CreateVolume-Gp3,,us-east-1,OnDemand,1000,80.0000,80.0000,batch-04,inventory-sync,prod,supply-chain
M3,111122223333,Usage,AmazonEC2,vol-0a400000000000001,EBS:VolumeUsage.gp3,CreateVolume-Gp3,,us-east-1,OnDemand,30,2.4000,2.4000,bastion-01,platform,prod,platform
M3,111122223333,Usage,AmazonEC2,vol-0a9000000000000e1,EBS:VolumeUsage.gp2,CreateVolume-Gp2,,us-east-1,OnDemand,1000,100.0000,100.0000,,,,
M3,111122223333,Usage,AmazonEC2,vol-0a9000000000000e2,EBS:VolumeUsage.gp2,CreateVolume-Gp2,,us-east-1,OnDemand,500,50.0000,50.0000,,,,
M3,111122223333,Usage,AmazonElastiCache,arn:aws:elasticache:us-east-1:111122223333:cluster:sessions-001,NodeUsage:cache.r5.large,CreateCacheCluster:0002,cache.r5.large,us-east-1,OnDemand,730,157.6800,157.6800,sessions-001,storefront,,digital
M3,111122223333,Usage,AmazonElastiCache,arn:aws:elasticache:us-east-1:111122223333:cluster:sessions-002,NodeUsage:cache.r5.large,CreateCacheCluster:0002,cache.r5.large,us-east-1,OnDemand,730,157.6800,157.6800,sessions-002,storefront,,digital
M3,111122223333,Usage,AmazonRDS,arn:aws:rds:us-east-1:111122223333:cluster:orders-db,Aurora:StorageIOUsage,CreateDBInstance:0021,,us-east-1,OnDemand,2000000000,400.0000,400.0000,orders-db,order-api,prod,digital
M3,111122223333,Usage,AmazonRDS,arn:aws:rds:us-east-1:111122223333:cluster:orders-db,Aurora:StorageUsage,CreateDBInstance:0021,,us-east-1,OnDemand,1000,100.0000,100.0000,orders-db,order-api,prod,digital
M3,111122223333,Usage,AmazonRDS,arn:aws:rds:us-east-1:111122223333:cluster:orders-db,InstanceUsage:db.r5.4xl,CreateDBInstance:0021,db.r5.4xlarge,us-east-1,OnDemand,1460,3387.2000,3387.2000,orders-db,order-api,prod,digital
M3,111122223333,Usage,AmazonRDS,arn:aws:rds:us-east-1:111122223333:cluster:reporting-db,Aurora:StorageIOUsage,CreateDBInstance:0021,,us-east-1,OnDemand,300000000,60.0000,60.0000,reporting-db,reporting,prod,finance
M3,111122223333,Usage,AmazonRDS,arn:aws:rds:us-east-1:111122223333:cluster:reporting-db,Aurora:StorageUsage,CreateDBInstance:0021,,us-east-1,OnDemand,500,50.0000,50.0000,reporting-db,reporting,prod,finance
M3,111122223333,Usage,AmazonRDS,arn:aws:rds:us-east-1:111122223333:cluster:reporting-db,InstanceUsage:db.r5.xl,CreateDBInstance:0021,db.r5.xlarge,us-east-1,OnDemand,730,423.4000,423.4000,reporting-db,reporting,prod,finance
M3,111122223333,Usage,AmazonRedshift,arn:aws:redshift:us-east-1:111122223333:cluster:warehouse/node-1,Node:ra3.xlplus,RunComputeNode:0001,ra3.xlplus,us-east-1,OnDemand,730,792.7800,792.7800,warehouse,analytics,prod,finance
M3,111122223333,Usage,AmazonRedshift,arn:aws:redshift:us-east-1:111122223333:cluster:warehouse/node-2,Node:ra3.xlplus,RunComputeNode:0001,ra3.xlplus,us-east-1,OnDemand,730,792.7800,792.7800,warehouse,analytics,prod,finance
M3,111122223333,Usage,AmazonS3,harbor-goods-data-lake,TimedStorage-ByteHrs,StandardStorage,,us-east-1,OnDemand,40000,920.0000,920.0000,,analytics,prod,finance
M3,111122223333,Usage,AmazonS3,harbor-goods-product-images,Requests-Tier1,PutObject,,us-east-1,OnDemand,1,50.0000,50.0000,,storefront,prod,digital
M3,111122223333,Usage,AmazonS3,harbor-goods-product-images,TimedStorage-ByteHrs,StandardStorage,,us-east-1,OnDemand,3000,69.0000,69.0000,,storefront,prod,digital
M3,111122223333,Usage,AmazonVPC,eipalloc-0a1000000000000001,PublicIPv4:IdleAddress,AllocateAddressVPC,,us-east-1,OnDemand,730,3.6500,3.6500,,,,
M3,111122223333,Usage,AmazonVPC,eipalloc-0a1000000000000002,PublicIPv4:IdleAddress,AllocateAddressVPC,,us-east-1,OnDemand,730,3.6500,3.6500,,,,
M3,111122223333,SavingsPlanRecurringFee,ComputeSavingsPlans,arn:aws:savingsplans::111122223333:savingsplan/0a0b0c0d-0000-4000-8000-000000000001,ComputeSP:1yrNoUpfront,,,us-east-1,OnDemand,730,0.0000,408.8000,,,,
M3,123456789012,Usage,AmazonEC2,arn:aws:ec2:us-east-1:123456789012:snapshot/snap-0c1000000000000001,EBS:SnapshotUsage,CreateSnapshot,,us-east-1,OnDemand,500,25.0000,25.0000,,,,
M3,123456789012,Usage,AmazonEC2,arn:aws:ec2:us-east-1:123456789012:snapshot/snap-0c1000000000000002,EBS:SnapshotUsage,CreateSnapshot,,us-east-1,OnDemand,90,4.5000,4.5000,,,,
M3,123456789012,Usage,AmazonEC2,i-0c100000000000001,BoxUsage:c5.xlarge,RunInstances,c5.xlarge,us-east-1,OnDemand,730,124.1000,124.1000,ci-runner-01,ci,shared,platform
M3,123456789012,Usage,AmazonEC2,i-0c100000000000002,BoxUsage:c5.xlarge,RunInstances,c5.xlarge,us-east-1,OnDemand,730,124.1000,124.1000,ci-runner-02,ci,shared,platform
M3,123456789012,Usage,AmazonEC2,i-0c200000000000001,BoxUsage:t3.large,RunInstances,t3.large,us-east-1,OnDemand,730,60.7360,60.7360,dev-01,sandbox,dev,digital
M3,123456789012,Usage,AmazonEC2,i-0c200000000000002,BoxUsage:t3.large,RunInstances,t3.large,us-east-1,OnDemand,730,60.7360,60.7360,dev-02,sandbox,dev,digital
M3,123456789012,Usage,AmazonEC2,i-0c200000000000003,BoxUsage:t3.large,RunInstances,t3.large,us-east-1,OnDemand,730,60.7360,60.7360,dev-03,sandbox,dev,digital
M3,123456789012,Usage,AmazonEC2,i-0c200000000000004,BoxUsage:t3.large,RunInstances,t3.large,us-east-1,OnDemand,730,60.7360,60.7360,dev-04,,,
M3,123456789012,Usage,AmazonEC2,i-0c200000000000005,BoxUsage:t3.large,RunInstances,t3.large,us-east-1,OnDemand,730,60.7360,60.7360,dev-05,,,
M3,123456789012,Usage,AmazonEC2,vol-0c100000000000001,EBS:VolumeUsage.gp3,CreateVolume-Gp3,,us-east-1,OnDemand,200,16.0000,16.0000,ci-runner-01,ci,shared,platform
M3,123456789012,Usage,AmazonEC2,vol-0c100000000000002,EBS:VolumeUsage.gp3,CreateVolume-Gp3,,us-east-1,OnDemand,200,16.0000,16.0000,ci-runner-02,ci,shared,platform
M3,123456789012,Usage,AmazonEC2,vol-0c200000000000001,EBS:VolumeUsage.gp2,CreateVolume-Gp2,,us-east-1,OnDemand,100,10.0000,10.0000,dev-01,sandbox,dev,digital
M3,123456789012,Usage,AmazonEC2,vol-0c200000000000002,EBS:VolumeUsage.gp2,CreateVolume-Gp2,,us-east-1,OnDemand,100,10.0000,10.0000,dev-02,sandbox,dev,digital
M3,123456789012,Usage,AmazonEC2,vol-0c200000000000003,EBS:VolumeUsage.gp2,CreateVolume-Gp2,,us-east-1,OnDemand,100,10.0000,10.0000,dev-03,sandbox,dev,digital
M3,123456789012,Usage,AmazonEC2,vol-0c200000000000004,EBS:VolumeUsage.gp2,CreateVolume-Gp2,,us-east-1,OnDemand,100,10.0000,10.0000,dev-04,,,
M3,123456789012,Usage,AmazonEC2,vol-0c200000000000005,EBS:VolumeUsage.gp2,CreateVolume-Gp2,,us-east-1,OnDemand,100,10.0000,10.0000,dev-05,,,
M3,123456789012,Usage,AmazonEC2,vol-0c9000000000000e1,EBS:VolumeUsage.gp3,CreateVolume-Gp3,,us-east-1,OnDemand,2000,160.0000,160.0000,,,,
M3,123456789012,Usage,AmazonEC2,vol-0c9000000000000e2,EBS:VolumeUsage.gp2,CreateVolume-Gp2,,us-east-1,OnDemand,250,25.0000,25.0000,,,,
M3,123456789012,Usage,AmazonS3,harbor-goods-app-logs,TimedStorage-ByteHrs,StandardStorage,,us-east-1,OnDemand,22000,506.0000,506.0000,,logging,shared,platform
M3,123456789012,Usage,AmazonVPC,eipalloc-0c1000000000000001,PublicIPv4:IdleAddress,AllocateAddressVPC,,us-east-1,OnDemand,730,3.6500,3.6500,,,,
M3,444455556666,Usage,AWSELB,arn:aws:elasticloadbalancing:us-east-1:444455556666:loadbalancer/app/order-api-stg-alb/0a0b0c0d0e0f0001,LCUUsage,LoadBalancing:Application,,us-east-1,OnDemand,40,0.3200,0.3200,order-api-stg-alb,order-api,staging,digital
M3,444455556666,Usage,AWSELB,arn:aws:elasticloadbalancing:us-east-1:444455556666:loadbalancer/app/order-api-stg-alb/0a0b0c0d0e0f0001,LoadBalancerUsage,LoadBalancing:Application,,us-east-1,OnDemand,730,16.4250,16.4250,order-api-stg-alb,order-api,staging,digital
M3,444455556666,Usage,AWSELB,arn:aws:elasticloadbalancing:us-east-1:444455556666:loadbalancer/stg-legacy-clb,LoadBalancerUsage,LoadBalancing,,us-east-1,OnDemand,730,18.2500,18.2500,,,,
M3,444455556666,Usage,AmazonCloudWatch,arn:aws:logs:us-east-1:444455556666:log-group:/harbor-goods/order-api-stg,DataProcessing-Bytes,PutLogEvents,,us-east-1,OnDemand,150,75.0000,75.0000,,,,
M3,444455556666,Usage,AmazonCloudWatch,arn:aws:logs:us-east-1:444455556666:log-group:/harbor-goods/order-api-stg,TimedStorage-ByteHrs,HourlyStorageMetering,,us-east-1,OnDemand,1800,54.0000,54.0000,,,,
M3,444455556666,Usage,AmazonEC2,arn:aws:ec2:us-east-1:444455556666:natgateway/nat-0b1000000000000001,NatGateway-Bytes,NatGateway,,us-east-1,OnDemand,20,0.9000,0.9000,stg-nat-a,network,staging,platform
M3,444455556666,Usage,AmazonEC2,arn:aws:ec2:us-east-1:444455556666:natgateway/nat-0b1000000000000001,NatGateway-Hours,NatGateway,,us-east-1,OnDemand,730,32.8500,32.8500,stg-nat-a,network,staging,platform
M3,444455556666,Usage,AmazonEC2,arn:aws:ec2:us-east-1:444455556666:natgateway/nat-0b1000000000000002,NatGateway-Bytes,NatGateway,,us-east-1,OnDemand,20,0.9000,0.9000,stg-nat-b,network,staging,platform
M3,444455556666,Usage,AmazonEC2,arn:aws:ec2:us-east-1:444455556666:natgateway/nat-0b1000000000000002,NatGateway-Hours,NatGateway,,us-east-1,OnDemand,730,32.8500,32.8500,stg-nat-b,network,staging,platform
M3,444455556666,Usage,AmazonEC2,arn:aws:ec2:us-east-1:444455556666:natgateway/nat-0b1000000000000003,NatGateway-Bytes,NatGateway,,us-east-1,OnDemand,20,0.9000,0.9000,stg-nat-c,network,staging,platform
M3,444455556666,Usage,AmazonEC2,arn:aws:ec2:us-east-1:444455556666:natgateway/nat-0b1000000000000003,NatGateway-Hours,NatGateway,,us-east-1,OnDemand,730,32.8500,32.8500,stg-nat-c,network,staging,platform
M3,444455556666,Usage,AmazonEC2,arn:aws:ec2:us-east-1:444455556666:snapshot/snap-0b1000000000000001,EBS:SnapshotUsage,CreateSnapshot,,us-east-1,OnDemand,400,20.0000,20.0000,,,,
M3,444455556666,Usage,AmazonEC2,arn:aws:ec2:us-east-1:444455556666:snapshot/snap-0b1000000000000002,EBS:SnapshotUsage,CreateSnapshot,,us-east-1,OnDemand,150,7.5000,7.5000,,,,
M3,444455556666,Usage,AmazonEC2,i-0b100000000000001,BoxUsage:m5.2xlarge,RunInstances,m5.2xlarge,us-east-1,OnDemand,730,280.3200,280.3200,stg-app-01,order-api,staging,digital
M3,444455556666,Usage,AmazonEC2,i-0b100000000000002,BoxUsage:m5.2xlarge,RunInstances,m5.2xlarge,us-east-1,OnDemand,730,280.3200,280.3200,stg-app-02,order-api,staging,digital
M3,444455556666,Usage,AmazonEC2,i-0b100000000000003,BoxUsage:m5.2xlarge,RunInstances,m5.2xlarge,us-east-1,OnDemand,730,280.3200,280.3200,stg-app-03,order-api,staging,digital
M3,444455556666,Usage,AmazonEC2,i-0b100000000000004,BoxUsage:m5.2xlarge,RunInstances,m5.2xlarge,us-east-1,OnDemand,730,280.3200,280.3200,stg-app-04,order-api,staging,digital
M3,444455556666,Usage,AmazonEC2,i-0b200000000000001,BoxUsage:c5.2xlarge,RunInstances,c5.2xlarge,us-east-1,OnDemand,730,248.2000,248.2000,,,,
M3,444455556666,Usage,AmazonEC2,vol-0b100000000000001,EBS:VolumeUsage.gp2,CreateVolume-Gp2,,us-east-1,OnDemand,500,50.0000,50.0000,stg-app-01,order-api,staging,digital
M3,444455556666,Usage,AmazonEC2,vol-0b100000000000002,EBS:VolumeUsage.gp2,CreateVolume-Gp2,,us-east-1,OnDemand,500,50.0000,50.0000,stg-app-02,order-api,staging,digital
M3,444455556666,Usage,AmazonEC2,vol-0b100000000000003,EBS:VolumeUsage.gp2,CreateVolume-Gp2,,us-east-1,OnDemand,500,50.0000,50.0000,stg-app-03,order-api,staging,digital
M3,444455556666,Usage,AmazonEC2,vol-0b100000000000004,EBS:VolumeUsage.gp2,CreateVolume-Gp2,,us-east-1,OnDemand,500,50.0000,50.0000,stg-app-04,order-api,staging,digital
M3,444455556666,Usage,AmazonEC2,vol-0b200000000000001,EBS:VolumeUsage.gp2,CreateVolume-Gp2,,us-east-1,OnDemand,500,50.0000,50.0000,,,,
M3,444455556666,Usage,AmazonEC2,vol-0b9000000000000e1,EBS:VolumeUsage.gp2,CreateVolume-Gp2,,us-east-1,OnDemand,500,50.0000,50.0000,,,,
M3,444455556666,Usage,AmazonRDS,arn:aws:rds:us-east-1:444455556666:cluster:orders-db-stg,Aurora:StorageIOUsage,CreateDBInstance:0021,,us-east-1,OnDemand,100000000,20.0000,20.0000,orders-db-stg,order-api,staging,digital
M3,444455556666,Usage,AmazonRDS,arn:aws:rds:us-east-1:444455556666:cluster:orders-db-stg,Aurora:StorageUsage,CreateDBInstance:0021,,us-east-1,OnDemand,500,50.0000,50.0000,orders-db-stg,order-api,staging,digital
M3,444455556666,Usage,AmazonRDS,arn:aws:rds:us-east-1:444455556666:cluster:orders-db-stg,InstanceUsage:db.r5.2xl,CreateDBInstance:0021,db.r5.2xlarge,us-east-1,OnDemand,1460,1693.6000,1693.6000,orders-db-stg,order-api,staging,digital
M3,444455556666,Usage,AmazonVPC,eipalloc-0b1000000000000001,PublicIPv4:IdleAddress,AllocateAddressVPC,,us-east-1,OnDemand,730,3.6500,3.6500,,,,
